business_id,name,city,state,postal_code,latitude,longitude,stars,review_count,is_open,is_closed,attributes,Category
xwSWtJcQkzTF6HNm_IMgcg,Rusty's Pizza Parlor,Goleta,CA,93117,34.4290427,-119.8693616,2.5,94,1,0,"{'RestaurantsPriceRange2': '2', 'Alcohol': ""u'beer_and_wine'"", 'RestaurantsTakeOut': 'True', 'RestaurantsGoodForGroups': 'True', 'Corkage': 'False', 'BusinessAcceptsCreditCards': 'True', 'RestaurantsAttire': ""'casual'"", 'OutdoorSeating': 'False', 'RestaurantsDelivery': 'True', 'BYOBCorkage': ""'yes_free'"", 'GoodForKids': 'True', 'WiFi': ""u'no'"", 'BusinessParking': ""{'garage': False, 'street': False, 'validated': False, 'lot': True, 'valet': False}"", 'HasTV': 'True', 'Caters': 'False', 'BikeParking': 'True', 'NoiseLevel': ""u'average'"", 'DogsAllowed': 'False', 'GoodForMeal': ""{'dessert': False, 'latenight': None, 'lunch': True, 'dinner': True, 'brunch': False, 'breakfast': False}"", 'WheelchairAccessible': 'True', 'RestaurantsReservations': 'True', 'Ambience': ""{u'divey': False, u'hipster': False, u'casual': True, u'touristy': None, u'trendy': False, u'intimate': False, u'romantic': False, u'classy': False, u'upscale': False}""}",Italian
V4lqQdll3_TAEtkrHDYbAA,Italia Pizza & Pasta,Goleta,CA,93117,34.4427601,-119.8306695,3.5,24,0,1,"{'RestaurantsPriceRange2': '1', 'RestaurantsDelivery': 'True', 'RestaurantsGoodForGroups': 'True', 'RestaurantsReservations': 'False', 'NoiseLevel': ""u'quiet'"", 'OutdoorSeating': 'True', 'Alcohol': ""u'beer_and_wine'"", 'BusinessAcceptsCreditCards': 'True', 'RestaurantsTakeOut': 'True', 'BusinessParking': ""{'garage': False, 'street': False, 'validated': False, 'lot': True, 'valet': False}"", 'RestaurantsAttire': ""u'casual'"", 'Ambience': ""{'romantic': False, 'intimate': False, 'touristy': False, 'hipster': False, 'divey': False, 'classy': False, 'trendy': False, 'upscale': False, 'casual': True}"", 'HasTV': 'True', 'WiFi': ""u'no'"", 'GoodForKids': 'True'}",Italian
j-lxie7nEh3UeUTpiqekkQ,Presto Pasta,Santa Barbara,CA,93103,34.4242779,-119.6833015,3,8,0,1,"{'RestaurantsAttire': ""u'casual'"", 'RestaurantsGoodForGroups': 'True', 'RestaurantsPriceRange2': '1', 'RestaurantsDelivery': 'False', 'NoiseLevel': ""u'average'"", 'Alcohol': ""u'none'"", 'RestaurantsTakeOut': 'True', 'GoodForKids': 'True', 'OutdoorSeating': 'True', 'BusinessAcceptsCreditCards': 'True', 'RestaurantsReservations': 'False', 'HasTV': 'False', 'BusinessParking': ""{'garage': False, 'street': False, 'validated': False, 'lot': True, 'valet': False}""}",Italian
uI15YInpDsGBUZcNfm_TfQ,Borrello's Pizza & Pastaria,Carpinteria,CA,93013,34.4063061,-119.5476647,4,169,0,1,"{'WheelchairAccessible': 'True', 'RestaurantsAttire': ""'casual'"", 'Caters': 'True', 'RestaurantsReservations': 'True', 'WiFi': ""'free'"", 'GoodForMeal': ""{'dessert': False, 'latenight': False, 'lunch': True, 'dinner': True, 'brunch': False, 'breakfast': False}"", 'RestaurantsTakeOut': 'True', 'HappyHour': 'True', 'RestaurantsTableService': 'True', 'BikeParking': 'True', 'OutdoorSeating': 'True', 'GoodForKids': 'True', 'BusinessParking': ""{'garage': False, 'street': True, 'validated': False, 'lot': False, 'valet': False}"", 'BusinessAcceptsCreditCards': 'True', 'RestaurantsDelivery': 'False', 'DogsAllowed': 'True', 'RestaurantsPriceRange2': '2', 'Ambience': ""{'touristy': False, 'hipster': False, 'romantic': False, 'divey': False, 'intimate': False, 'trendy': False, 'upscale': False, 'classy': True, 'casual': True}"", 'RestaurantsGoodForGroups': 'True', 'Alcohol': ""'beer_and_wine'"", 'HasTV': 'True', 'NoiseLevel': ""u'average'""}",Italian
#NAME?,Pizza Mizza,Santa Barbara,CA,93105,34.4208305,-119.6981901,3.5,169,0,1,"{'RestaurantsTakeOut': 'True', 'OutdoorSeating': 'True', 'RestaurantsPriceRange2': '2', 'Alcohol': ""u'beer_and_wine'"", 'HasTV': 'True', 'BusinessParking': ""{'garage': False, 'street': False, 'validated': False, 'lot': True, 'valet': False}"", 'RestaurantsGoodForGroups': 'True', 'GoodForKids': 'True', 'RestaurantsAttire': ""'casual'"", 'BusinessAcceptsCreditCards': 'True', 'Ambience': ""{'romantic': False, 'intimate': False, 'touristy': False, 'hipster': False, 'divey': False, 'classy': False, 'trendy': False, 'upscale': False, 'casual': True}"", 'RestaurantsReservations': 'True', 'WiFi': ""'free'"", 'BikeParking': 'True', 'GoodForMeal': ""{'dessert': False, 'latenight': False, 'lunch': True, 'dinner': True, 'brunch': False, 'breakfast': False}"", 'Caters': 'True', 'RestaurantsTableService': 'True', 'WheelchairAccessible': 'True', 'RestaurantsDelivery': 'True', 'NoiseLevel': ""u'average'"", 'HappyHour': 'True'}",Italian
lq7dE9c10OvRfd_edJoyMg,Due Lune Cucina,Santa Barbara,CA,93101,34.412192,-119.689592,4,79,0,1,"{'BusinessAcceptsCreditCards': 'True', 'WheelchairAccessible': 'True', 'HasTV': 'True', 'OutdoorSeating': 'True', 'WiFi': ""u'free'"", 'HappyHour': 'True', 'BusinessAcceptsBitcoin': 'False', 'Alcohol': ""u'full_bar'"", 'RestaurantsReservations': 'True', 'DogsAllowed': 'True', 'NoiseLevel': ""u'average'"", 'BusinessParking': ""{'garage': False, 'street': True, 'validated': False, 'lot': False, 'valet': True}"", 'RestaurantsTableService': 'True', 'BikeParking': 'True', 'RestaurantsGoodForGroups': 'True', 'RestaurantsPriceRange2': '2', 'RestaurantsTakeOut': 'True', 'Ambience': ""{'touristy': False, 'hipster': False, 'romantic': False, 'divey': False, 'intimate': False, 'trendy': False, 'upscale': False, 'classy': True, 'casual': False}"", 'GoodForMeal': ""{'dessert': False, 'latenight': False, 'lunch': False, 'dinner': False, 'brunch': False, 'breakfast': False}"", 'Caters': 'False', 'RestaurantsAttire': ""u'casual'"", 'RestaurantsDelivery': 'True'}",Italian
aY_n9RSaD2Yw09jSFFePew,PizzaMan Dan's,Carpinteria,CA,93013,34.3969589,-119.5210632,4,124,1,0,"{'GoodForKids': 'True', 'BusinessParking': ""{'garage': False, 'street': False, 'validated': False, 'lot': True, 'valet': False}"", 'RestaurantsTakeOut': 'True', 'RestaurantsPriceRange2': '2', 'Caters': 'True', 'WheelchairAccessible': 'True', 'RestaurantsReservations': 'False', 'Alcohol': ""u'beer_and_wine'"", 'RestaurantsTableService': 'False', 'OutdoorSeating': 'True', 'WiFi': ""u'free'"", 'RestaurantsDelivery': 'True', 'RestaurantsAttire': ""u'casual'"", 'BikeParking': 'True', 'RestaurantsGoodForGroups': 'True', 'HasTV': 'True', 'BusinessAcceptsCreditCards': 'True', 'GoodForMeal': ""{u'breakfast': None, u'brunch': None, u'lunch': True, u'dinner': True, u'latenight': None, u'dessert': False}"", 'Ambience': ""{u'divey': False, u'hipster': False, u'casual': True, u'touristy': None, u'trendy': False, u'intimate': False, u'romantic': False, u'classy': False, u'upscale': False}"", 'NoiseLevel': ""u'average'""}",Italian
-3AooxIkg38UyUdlz5oXdw,Chase Restaurant,Santa Barbara,CA,93101,34.421931,-119.7021852,3,436,1,0,"{'NoiseLevel': ""u'average'"", 'BusinessParking': ""{'garage': False, 'street': True, 'validated': False, 'lot': True, 'valet': False}"", 'RestaurantsReservations': 'True', 'Alcohol': ""'full_bar'"", 'RestaurantsPriceRange2': '2', 'BusinessAcceptsCreditCards': 'True', 'OutdoorSeating': 'True', 'BikeParking': 'True', 'WiFi': ""u'free'"", 'RestaurantsTakeOut': 'True', 'HasTV': 'True', 'RestaurantsGoodForGroups': 'True', 'BestNights': ""{'monday': False, 'tuesday': True, 'friday': True, 'wednesday': False, 'thursday': False, 'sunday': False, 'saturday': True}"", 'RestaurantsAttire': ""'casual'"", 'DogsAllowed': 'True', 'Music': ""{'dj': False, 'background_music': False, 'no_music': False, 'jukebox': False, 'live': False, 'video': False, 'karaoke': None}"", 'GoodForMeal': ""{'dessert': False, 'latenight': False, 'lunch': None, 'dinner': True, 'brunch': False, 'breakfast': False}"", 'RestaurantsTableService': 'True', 'GoodForDancing': 'False', 'CoatCheck': 'False', 'Ambience': ""{'touristy': False, 'hipster': False, 'romantic': True, 'divey': False, 'intimate': False, 'trendy': False, 'upscale': False, 'classy': True, 'casual': False}"", 'GoodForKids': 'True', 'Caters': 'True', 'WheelchairAccessible': 'True', 'HappyHour': 'True', 'RestaurantsDelivery': 'True'}",Italian
vsrryxBR2Jykl71qa1H6SQ,Caffe Primo,Santa Barbara,CA,93108,34.4173624,-119.6959549,4,114,0,1,"{'OutdoorSeating': 'True', 'RestaurantsPriceRange2': '2', 'BikeParking': 'True', 'BusinessParking': ""{'garage': True, 'street': True, 'validated': False, 'lot': False, 'valet': False}"", 'RestaurantsReservations': 'True', 'WheelchairAccessible': 'True', 'BusinessAcceptsBitcoin': 'False', 'RestaurantsGoodForGroups': 'True', 'BusinessAcceptsCreditCards': 'True', 'RestaurantsDelivery': 'True', 'WiFi': ""u'free'"", 'RestaurantsTableService': 'True', 'NoiseLevel': ""'average'"", 'Alcohol': ""u'beer_and_wine'"", 'Ambience': ""{'romantic': False, 'intimate': False, 'classy': False, 'hipster': False, 'divey': False, 'touristy': False, 'trendy': False, 'upscale': False, 'casual': True}"", 'Caters': 'False', 'GoodForKids': 'True', 'RestaurantsTakeOut': 'True', 'HasTV': 'True', 'GoodForMeal': ""{'dessert': False, 'latenight': False, 'lunch': True, 'dinner': True, 'brunch': False, 'breakfast': False}"", 'HappyHour': 'True', 'DogsAllowed': 'True', 'RestaurantsAttire': ""'casual'""}",Italian
S3QHy1sshUeZwXOYviVsXQ,Tre Lune,Montecito,CA,93108,34.4209378,-119.646244,4,262,1,0,"{'WiFi': ""u'no'"", 'RestaurantsDelivery': 'True', 'BusinessAcceptsCreditCards': 'True', 'OutdoorSeating': 'True', 'RestaurantsPriceRange2': '3', 'RestaurantsAttire': ""u'casual'"", 'Alcohol': ""u'full_bar'"", 'RestaurantsReservations': 'True', 'RestaurantsTakeOut': 'True', 'BusinessParking': ""{'garage': False, 'street': True, 'validated': False, 'lot': False, 'valet': True}"", 'HasTV': 'False', 'GoodForKids': 'False', 'BikeParking': 'True', 'RestaurantsGoodForGroups': 'False', 'NoiseLevel': ""u'average'"", 'DogsAllowed': 'True', 'Caters': 'False', 'Ambience': ""{'touristy': False, 'hipster': False, 'romantic': False, 'divey': False, 'intimate': False, 'trendy': False, 'upscale': False, 'classy': True, 'casual': False}"", 'BYOB': 'True', 'HappyHour': 'False', 'RestaurantsTableService': 'True', 'WheelchairAccessible': 'True', 'GoodForMeal': ""{'dessert': False, 'latenight': False, 'lunch': None, 'dinner': True, 'brunch': None, 'breakfast': None}"", 'Corkage': 'True'}",Italian
9xW7LsJpyhVZFRb6z9xorg,Ca' Dario Goleta,Goleta,CA,93117,34.4295404,-119.8692712,4,172,1,0,"{'RestaurantsTakeOut': 'True', 'WiFi': ""'free'"", 'RestaurantsReservations': 'True', 'RestaurantsTableService': 'True', 'Alcohol': ""u'beer_and_wine'"", 'HappyHour': 'True', 'CoatCheck': 'False', 'WheelchairAccessible': 'True', 'GoodForDancing': 'False', 'Music': ""{u'dj': False, u'live': False, u'jukebox': False, u'video': False, u'background_music': False, u'karaoke': None, u'no_music': False}"", 'Ambience': ""{'touristy': False, 'hipster': False, 'romantic': False, 'divey': False, 'intimate': False, 'trendy': False, 'upscale': False, 'classy': True, 'casual': False}"", 'DogsAllowed': 'True', 'GoodForMeal': ""{'dessert': True, 'latenight': None, 'lunch': None, 'dinner': True, 'brunch': None, 'breakfast': None}"", 'BusinessAcceptsCreditCards': 'True', 'BestNights': ""{u'monday': True, u'tuesday': False, u'wednesday': False, u'thursday': False, u'friday': True, u'saturday': False, u'sunday': False}"", 'Smoking': ""u'no'"", 'Caters': 'True', 'RestaurantsPriceRange2': '2', 'OutdoorSeating': 'True', 'GoodForKids': 'False', 'BusinessParking': ""{'garage': False, 'street': False, 'validated': False, 'lot': True, 'valet': False}"", 'HasTV': 'True', 'RestaurantsGoodForGroups': 'True', 'RestaurantsDelivery': 'True', 'ByAppointmentOnly': 'False', 'NoiseLevel': ""u'average'"", 'RestaurantsAttire': ""u'casual'""}",Italian
kdowTW3-5Qcr8je9LgItKQ,Little Dom's Seafood,Carpinteria,CA,93013,34.3967319,-119.5206269,4,95,1,0,"{'RestaurantsTableService': 'True', 'OutdoorSeating': 'True', 'Ambience': ""{u'divey': False, u'hipster': False, u'casual': False, u'touristy': False, u'trendy': False, u'intimate': False, u'romantic': False, u'classy': True, u'upscale': False}"", 'HasTV': 'True', 'RestaurantsTakeOut': 'True', 'NoiseLevel': ""u'average'"", 'Alcohol': ""u'full_bar'"", 'RestaurantsAttire': ""u'casual'""}",Italian
1J0NIfmrSuV72KzhmYFxMA,Pane E Vino,Montecito,CA,93108,34.438305,-119.633186,4,77,1,0,"{'OutdoorSeating': 'True', 'NoiseLevel': ""u'average'"", 'WiFi': ""u'no'"", 'RestaurantsTakeOut': 'True', 'RestaurantsDelivery': 'False', 'RestaurantsAttire': ""u'casual'"", 'RestaurantsReservations': 'True', 'BusinessParking': ""{'garage': False, 'street': False, 'validated': False, 'lot': True, 'valet': False}"", 'Alcohol': ""u'beer_and_wine'"", 'BikeParking': 'True', 'RestaurantsPriceRange2': '2', 'GoodForKids': 'False', 'RestaurantsGoodForGroups': 'True', 'GoodForMeal': ""{'dessert': False, 'latenight': False, 'lunch': False, 'dinner': True, 'brunch': False, 'breakfast': False}"", 'BusinessAcceptsCreditCards': 'True', 'Ambience': ""{u'divey': False, u'hipster': False, u'casual': None, u'touristy': False, u'trendy': False, u'intimate': None, u'romantic': False, u'classy': False, u'upscale': False}"", 'HasTV': 'True'}",Italian
z6I4QVP1M1HXETgwD92XHg,Olio E Limone Ristorante,Santa Barbara,CA,93101,34.42299711,-119.7045224,4,488,1,0,"{'RestaurantsReservations': 'True', 'RestaurantsGoodForGroups': 'True', 'BikeParking': 'True', 'RestaurantsAttire': ""u'dressy'"", 'Alcohol': ""u'full_bar'"", 'Caters': 'False', 'NoiseLevel': ""u'average'"", 'RestaurantsPriceRange2': '3', 'WiFi': ""u'no'"", 'BusinessAcceptsCreditCards': 'True', 'HasTV': 'True', 'RestaurantsTableService': 'True', 'RestaurantsTakeOut': 'True', 'Ambience': ""{'touristy': False, 'hipster': False, 'romantic': True, 'divey': False, 'intimate': False, 'trendy': False, 'upscale': False, 'classy': True, 'casual': False}"", 'GoodForKids': 'False', 'RestaurantsDelivery': 'None', 'OutdoorSeating': 'True', 'BusinessParking': ""{u'valet': False, u'garage': False, u'street': True, u'lot': None, u'validated': False}"", 'GoodForMeal': ""{'dessert': False, 'latenight': False, 'lunch': None, 'dinner': True, 'brunch': False, 'breakfast': False}""}",Italian
MX2YGruhd0sMNHZGK7p5-Q,Bella Vista,Santa Barbara,CA,93108,34.417214,-119.642527,4,261,1,0,"{'HasTV': 'False', 'RestaurantsPriceRange2': '3', 'RestaurantsGoodForGroups': 'True', 'OutdoorSeating': 'True', 'Ambience': ""{'romantic': False, 'intimate': False, 'classy': True, 'hipster': False, 'divey': False, 'touristy': False, 'trendy': False, 'upscale': False, 'casual': False}"", 'RestaurantsAttire': ""u'casual'"", 'RestaurantsReservations': 'True', 'BikeParking': 'True', 'RestaurantsTableService': 'True', 'Alcohol': ""'full_bar'"", 'Caters': 'False', 'WiFi': ""u'free'"", 'GoodForKids': 'True', 'GoodForMeal': ""{'dessert': None, 'latenight': False, 'lunch': None, 'dinner': True, 'brunch': True, 'breakfast': None}"", 'DogsAllowed': 'False', 'NoiseLevel': ""u'average'"", 'WheelchairAccessible': 'True', 'BusinessParking': ""{'garage': False, 'street': True, 'validated': True, 'lot': False, 'valet': True}"", 'HappyHour': 'False', 'BusinessAcceptsCreditCards': 'True', 'Smoking': ""u'no'"", 'BusinessAcceptsBitcoin': 'False', 'RestaurantsDelivery': 'None', 'RestaurantsTakeOut': 'None'}",Italian
2QvkOHC-pWGiAmvQ9xX64Q,Nardonne's La Famiglia Pizzeria,Santa Barbara,CA,93101,34.41809541,-119.6985309,4.5,92,0,1,"{'RestaurantsTakeOut': 'True', 'BusinessParking': ""{'garage': True, 'street': True, 'validated': False, 'lot': False, 'valet': False}"", 'HasTV': 'False', 'WiFi': ""u'free'"", 'OutdoorSeating': 'True', 'BusinessAcceptsCreditCards': 'True', 'Caters': 'True', 'RestaurantsAttire': ""u'casual'"", 'RestaurantsGoodForGroups': 'True', 'Ambience': ""{'romantic': False, 'intimate': False, 'touristy': False, 'hipster': False, 'divey': False, 'classy': False, 'trendy': False, 'upscale': False, 'casual': True}"", 'RestaurantsReservations': 'True', 'RestaurantsPriceRange2': '2', 'NoiseLevel': ""u'average'"", 'RestaurantsDelivery': 'True', 'BikeParking': 'True', 'Alcohol': ""u'beer_and_wine'"", 'GoodForKids': 'True'}",Italian
XyYsl2OyoMi6OMvzsdcVoQ,MIZZA,Santa Barbara,CA,93101,34.422807,-119.703594,4,380,1,0,"{'BikeParking': 'True', 'GoodForKids': 'True', 'Alcohol': ""u'full_bar'"", 'RestaurantsReservations': 'True', 'WiFi': ""u'free'"", 'RestaurantsPriceRange2': '2', 'HappyHour': 'False', 'RestaurantsTableService': 'True', 'RestaurantsAttire': ""'casual'"", 'Ambience': ""{'touristy': None, 'hipster': None, 'romantic': None, 'divey': False, 'intimate': True, 'trendy': None, 'upscale': None, 'classy': True, 'casual': True}"", 'DogsAllowed': 'True', 'Caters': 'False', 'OutdoorSeating': 'True', 'HasTV': 'False', 'RestaurantsTakeOut': 'True', 'BusinessAcceptsCreditCards': 'True', 'GoodForMeal': ""{'dessert': None, 'latenight': None, 'lunch': None, 'dinner': True, 'brunch': True, 'breakfast': None}"", 'RestaurantsGoodForGroups': 'True', 'Corkage': 'True', 'NoiseLevel': ""u'average'"", 'BYOB': 'True', 'WheelchairAccessible': 'True', 'BusinessParking': ""{'garage': True, 'street': False, 'validated': False, 'lot': False, 'valet': False}"", 'RestaurantsDelivery': 'True'}",Italian
MmN1qpG224QxOeq72DpN2g,Aldo's Italian Restaurant,Santa Barbara,CA,93101,34.42208835,-119.7029964,3,311,0,1,"{'RestaurantsPriceRange2': '2', 'Caters': 'False', 'RestaurantsAttire': ""'casual'"", 'HasTV': 'False', 'RestaurantsGoodForGroups': 'True', 'Alcohol': ""u'beer_and_wine'"", 'BikeParking': 'False', 'RestaurantsDelivery': 'False', 'BusinessAcceptsCreditCards': 'True', 'RestaurantsReservations': 'True', 'OutdoorSeating': 'True', 'WiFi': ""u'no'"", 'NoiseLevel': ""u'average'"", 'BusinessParking': ""{'garage': False, 'street': True, 'validated': False, 'lot': False, 'valet': False}"", 'Ambience': ""{'romantic': True, 'intimate': False, 'touristy': False, 'hipster': False, 'divey': False, 'classy': False, 'trendy': False, 'upscale': False, 'casual': False}"", 'RestaurantsTakeOut': 'True', 'GoodForKids': 'True'}",Italian
RsjgvZO_0aLsg9YxvtBwpg,Pizza Hut,Goleta,CA,93117,34.4413305,-119.828411,2,47,0,1,"{'RestaurantsReservations': 'False', 'RestaurantsAttire': ""'casual'"", 'RestaurantsTakeOut': 'True', 'BusinessAcceptsCreditCards': 'True', 'GoodForKids': 'True', 'HasTV': 'True', 'GoodForMeal': ""{'dessert': False, 'latenight': False, 'lunch': False, 'dinner': False, 'brunch': False, 'breakfast': False}"", 'OutdoorSeating': 'False', 'Alcohol': ""'none'"", 'Ambience': ""{'touristy': False, 'hipster': False, 'romantic': False, 'divey': False, 'intimate': False, 'trendy': False, 'upscale': False, 'classy': False, 'casual': False}"", 'RestaurantsGoodForGroups': 'True', 'BusinessParking': ""{'garage': False, 'street': False, 'validated': False, 'lot': False, 'valet': False}"", 'RestaurantsPriceRange2': '1', 'RestaurantsDelivery': 'True', 'BikeParking': 'True'}",Italian
IXQH9-nnTWZFgBF0V3MH-A,Cali-Forno Pizzeria,Santa Barbara,CA,93101,34.4206139,-119.7009473,4,16,1,0,"{'RestaurantsTakeOut': 'True', 'WheelchairAccessible': 'True', 'WiFi': ""u'free'"", 'RestaurantsTableService': 'False'}",Italian
3xJ_6qxRA0sdUm3ThCPiCw,Giannfranco's Trattoria,Carpinteria,CA,93013,34.3966511,-119.5207933,4,271,1,0,"{'RestaurantsReservations': 'True', 'BusinessParking': ""{'garage': False, 'street': True, 'validated': False, 'lot': False, 'valet': False}"", 'Ambience': ""{'romantic': False, 'intimate': False, 'classy': True, 'hipster': False, 'divey': False, 'touristy': False, 'trendy': False, 'upscale': False, 'casual': False}"", 'GoodForKids': 'False', 'Caters': 'True', 'BusinessAcceptsCreditCards': 'True', 'RestaurantsAttire': ""u'casual'"", 'RestaurantsPriceRange2': '2', 'OutdoorSeating': 'True', 'RestaurantsGoodForGroups': 'True', 'RestaurantsTakeOut': 'True', 'WiFi': ""u'no'"", 'NoiseLevel': ""u'average'"", 'Alcohol': ""u'beer_and_wine'"", 'BikeParking': 'True', 'HasTV': 'True', 'RestaurantsDelivery': 'False', 'RestaurantsTableService': 'True', 'GoodForMeal': ""{u'breakfast': False, u'brunch': False, u'lunch': True, u'dinner': True, u'latenight': False, u'dessert': None}""}",Italian
b2Za53CjptGyf9K0fFnrAg,Petrini's Italian Restaurant - Santa Barbara,Santa Barbara,CA,93105,34.43980386,-119.7283962,4,233,1,0,"{'RestaurantsReservations': 'True', 'BusinessAcceptsCreditCards': 'True', 'GoodForKids': 'True', 'RestaurantsGoodForGroups': 'True', 'RestaurantsAttire': ""'casual'"", 'BusinessParking': ""{'garage': False, 'street': True, 'validated': False, 'lot': False, 'valet': False}"", 'RestaurantsPriceRange2': '2', 'RestaurantsTakeOut': 'True', 'RestaurantsDelivery': 'False', 'OutdoorSeating': 'True', 'Caters': 'True', 'Alcohol': ""u'beer_and_wine'"", 'BikeParking': 'True', 'NoiseLevel': ""u'average'"", 'WiFi': ""u'no'"", 'HasTV': 'True', 'Ambience': ""{'touristy': False, 'hipster': False, 'romantic': False, 'divey': None, 'intimate': False, 'trendy': False, 'upscale': False, 'classy': False, 'casual': True}"", 'BusinessAcceptsBitcoin': 'False', 'GoodForMeal': ""{u'breakfast': False, u'brunch': False, u'lunch': None, u'dinner': True, u'latenight': False, u'dessert': False}""}",Italian
z-9_8ot2TnKL9DX4k3MYMQ,Palazzio,Santa Barbara,CA,93101,34.422294,-119.702545,3,345,0,1,"{'OutdoorSeating': 'True', 'BusinessAcceptsCreditCards': 'True', 'Caters': 'True', 'HasTV': 'True', 'BusinessAcceptsBitcoin': 'False', 'RestaurantsPriceRange2': '2', 'Corkage': 'True', 'BusinessParking': ""{'garage': False, 'street': True, 'validated': False, 'lot': False, 'valet': False}"", 'RestaurantsTakeOut': 'True', 'RestaurantsAttire': ""'casual'"", 'BYOBCorkage': ""'yes_corkage'"", 'BikeParking': 'True', 'Alcohol': ""'full_bar'"", 'GoodForKids': 'True', 'NoiseLevel': ""u'average'"", 'RestaurantsDelivery': 'True', 'WiFi': ""u'free'"", 'RestaurantsGoodForGroups': 'True', 'RestaurantsReservations': 'True', 'Ambience': ""{'romantic': False, 'intimate': False, 'touristy': False, 'hipster': False, 'divey': False, 'classy': False, 'trendy': False, 'upscale': False, 'casual': True}"", 'HappyHour': 'True'}",Italian
KMBCvNByuzXlPoNzHeBhZw,6831 AA Hollister Ave,Goleta,CA,93117,34.4295129,-119.8692707,3,17,0,1,"{'Corkage': 'False', 'Alcohol': ""u'beer_and_wine'"", 'RestaurantsGoodForGroups': 'True', 'BusinessAcceptsCreditCards': 'True', 'RestaurantsTakeOut': 'True', 'GoodForKids': 'True', 'OutdoorSeating': 'True', 'BusinessParking': ""{'garage': False, 'street': False, 'validated': False, 'lot': True, 'valet': False}"", 'RestaurantsPriceRange2': '1', 'WiFi': ""u'free'"", 'Ambience': ""{'romantic': False, 'intimate': False, 'touristy': False, 'hipster': False, 'divey': False, 'classy': False, 'trendy': False, 'upscale': False, 'casual': False}"", 'RestaurantsAttire': ""'casual'"", 'BYOBCorkage': ""'yes_free'"", 'HasTV': 'True', 'Caters': 'True', 'RestaurantsReservations': 'False', 'NoiseLevel': ""u'quiet'""}",Italian
0nR7jHCkFEzmA1n2b5g1nw,Basil's Italian,Santa Barbara,CA,93101,34.4193295,-119.6959723,4.5,64,0,1,"{'NoiseLevel': ""u'quiet'"", 'RestaurantsGoodForGroups': 'True', 'HappyHour': 'True', 'GoodForMeal': ""{'dessert': True, 'latenight': False, 'lunch': True, 'dinner': True, 'brunch': True, 'breakfast': False}"", 'WheelchairAccessible': 'True', 'BusinessParking': ""{'garage': False, 'street': False, 'validated': False, 'lot': False, 'valet': False}"", 'HasTV': 'True', 'BikeParking': 'True', 'RestaurantsReservations': 'True', 'RestaurantsDelivery': 'True', 'RestaurantsAttire': ""'casual'"", 'RestaurantsTakeOut': 'True', 'RestaurantsTableService': 'True', 'Alcohol': ""u'beer_and_wine'"", 'WiFi': ""'free'"", 'GoodForKids': 'True', 'BusinessAcceptsCreditCards': 'True', 'OutdoorSeating': 'True', 'Ambience': ""{'touristy': False, 'hipster': False, 'romantic': True, 'divey': False, 'intimate': False, 'trendy': False, 'upscale': False, 'classy': False, 'casual': True}"", 'RestaurantsPriceRange2': '2', 'Caters': 'True'}",Italian
o4IiNbNybcy-L4vzTSoDJw,Ca' Dario,Santa Barbara,CA,93101,34.42539135,-119.7048108,4,672,1,0,"{'RestaurantsAttire': ""'casual'"", 'NoiseLevel': ""u'average'"", 'BusinessAcceptsCreditCards': 'True', 'RestaurantsReservations': 'True', 'Corkage': 'True', 'BYOBCorkage': ""'yes_corkage'"", 'Alcohol': ""u'full_bar'"", 'GoodForKids': 'False', 'HasTV': 'False', 'BikeParking': 'True', 'BusinessParking': ""{'garage': True, 'street': True, 'validated': False, 'lot': False, 'valet': False}"", 'WiFi': ""u'no'"", 'GoodForDancing': 'False', 'RestaurantsGoodForGroups': 'True', 'RestaurantsPriceRange2': '2', 'HappyHour': 'False', 'BestNights': ""{'monday': False, 'tuesday': False, 'friday': False, 'wednesday': False, 'thursday': False, 'sunday': True, 'saturday': True}"", 'BYOB': 'True', 'ByAppointmentOnly': 'False', 'RestaurantsDelivery': 'True', 'Ambience': ""{'touristy': False, 'hipster': False, 'romantic': False, 'divey': False, 'intimate': False, 'trendy': False, 'upscale': False, 'classy': True, 'casual': False}"", 'GoodForMeal': ""{'dessert': False, 'latenight': False, 'lunch': None, 'dinner': True, 'brunch': False, 'breakfast': False}"", 'Caters': 'True', 'OutdoorSeating': 'True', 'RestaurantsTableService': 'True', 'CoatCheck': 'True', 'Music': ""{u'dj': None, u'live': False, u'jukebox': False, u'video': False, u'background_music': False, u'karaoke': None, u'no_music': False}"", 'WheelchairAccessible': 'True', 'Smoking': ""u'no'"", 'RestaurantsTakeOut': 'True'}",Italian
S4ujTsHtCOsHKrKkcjY30Q,Coast & Olive,Montecito,CA,93108,34.4214049,-119.6406658,4.5,121,1,0,"{'BusinessParking': ""{'garage': True, 'street': True, 'validated': False, 'lot': True, 'valet': True}"", 'RestaurantsTakeOut': 'True', 'OutdoorSeating': 'True', 'RestaurantsDelivery': 'True', 'BusinessAcceptsBitcoin': 'False', 'HasTV': 'False', 'WheelchairAccessible': 'True', 'HappyHour': 'True', 'RestaurantsTableService': 'True', 'WiFi': ""u'free'"", 'BikeParking': 'True', 'BusinessAcceptsCreditCards': 'True', 'Corkage': 'True', 'GoodForMeal': ""{u'breakfast': None, u'brunch': None, u'lunch': None, u'dinner': True, u'latenight': None, u'dessert': None}"", 'Caters': 'False', 'Ambience': ""{u'divey': False, u'hipster': False, u'casual': None, u'touristy': None, u'trendy': None, u'intimate': None, u'romantic': True, u'classy': True, u'upscale': None}"", 'GoodForKids': 'True', 'DogsAllowed': 'False', 'Alcohol': ""u'full_bar'"", 'RestaurantsReservations': 'True'}",Italian
j8c8WFqySY1eybnkJfgjSg,The Revere Room,Montecito,CA,93108,34.42093307,-119.6286405,4,22,1,0,"{'Alcohol': ""u'full_bar'"", 'BusinessAcceptsCreditCards': 'True', 'WheelchairAccessible': 'True', 'BusinessParking': ""{u'valet': True, u'garage': False, u'street': False, u'lot': False, u'validated': False}"", 'RestaurantsReservations': 'True', 'BikeParking': 'True', 'BusinessAcceptsBitcoin': 'False', 'HasTV': 'False', 'RestaurantsTableService': 'True', 'DriveThru': 'False', 'Corkage': 'True', 'Caters': 'False', 'WiFi': ""u'free'"", 'HappyHour': 'False', 'DogsAllowed': 'True', 'RestaurantsTakeOut': 'False', 'BYOB': 'True', 'OutdoorSeating': 'True', 'Ambience': ""{u'divey': False, u'hipster': False, u'casual': False, u'touristy': False, u'trendy': False, u'intimate': False, u'romantic': False, u'classy': True, u'upscale': False}"", 'RestaurantsDelivery': 'False'}",Italian
UjgqSqa4Biy34pHSEdwj_g,Gino's Sicilian Express,Santa Barbara,CA,93101,34.4221006,-119.7037011,4,253,1,0,"{'BusinessAcceptsCreditCards': 'True', 'WiFi': ""u'no'"", 'RestaurantsAttire': ""'casual'"", 'RestaurantsPriceRange2': '1', 'GoodForKids': 'True', 'BikeParking': 'True', 'RestaurantsGoodForGroups': 'False', 'NoiseLevel': ""u'average'"", 'BusinessParking': ""{'garage': False, 'street': True, 'validated': False, 'lot': False, 'valet': False}"", 'RestaurantsDelivery': 'True', 'RestaurantsTakeOut': 'True', 'Alcohol': ""u'beer_and_wine'"", 'HasTV': 'True', 'RestaurantsReservations': 'False', 'DogsAllowed': 'False', 'HappyHour': 'True', 'ByAppointmentOnly': 'False', 'Ambience': ""{'touristy': False, 'hipster': False, 'romantic': False, 'divey': None, 'intimate': False, 'trendy': False, 'upscale': False, 'classy': False, 'casual': True}"", 'GoodForMeal': ""{u'breakfast': False, u'brunch': False, u'lunch': True, u'dinner': True, u'latenight': None, u'dessert': False}"", 'OutdoorSeating': 'True', 'Caters': 'True'}",Italian
NTLvzcGNm4IUF_yXIwIhvA,Thario's Kitchen,Carpinteria,CA,93013,34.40620781,-119.5477163,4.5,131,1,0,"{'RestaurantsTableService': 'True', 'RestaurantsDelivery': 'True', 'BYOB': 'True', 'RestaurantsPriceRange2': '2', 'HasTV': 'False', 'BusinessParking': ""{'garage': None, 'street': True, 'validated': None, 'lot': None, 'valet': False}"", 'BikeParking': 'True', 'RestaurantsGoodForGroups': 'True', 'Corkage': 'True', 'RestaurantsTakeOut': 'True', 'OutdoorSeating': 'True', 'DogsAllowed': 'True', 'Caters': 'True', 'RestaurantsAttire': ""u'casual'"", 'Ambience': ""{'touristy': None, 'hipster': None, 'romantic': True, 'divey': None, 'intimate': None, 'trendy': True, 'upscale': None, 'classy': True, 'casual': True}"", 'WiFi': ""u'free'"", 'WheelchairAccessible': 'True', 'BusinessAcceptsCreditCards': 'True', 'Alcohol': ""u'beer_and_wine'""}",Italian
2YoQRByvTjdP4GSVnPcANA,Pastavino,Goleta,CA,93117,34.42962908,-119.8703778,3,50,0,1,"{'OutdoorSeating': 'True', 'RestaurantsGoodForGroups': 'True', 'Ambience': ""{'romantic': False, 'intimate': False, 'touristy': False, 'hipster': False, 'divey': False, 'classy': False, 'trendy': False, 'upscale': False, 'casual': True}"", 'NoiseLevel': ""u'average'"", 'BusinessAcceptsCreditCards': 'True', 'GoodForKids': 'True', 'Alcohol': ""u'full_bar'"", 'RestaurantsPriceRange2': '2', 'BusinessParking': ""{'garage': False, 'street': False, 'validated': False, 'lot': True, 'valet': False}"", 'RestaurantsReservations': 'True', 'RestaurantsDelivery': 'False', 'HasTV': 'True', 'RestaurantsAttire': ""u'casual'"", 'RestaurantsTakeOut': 'True', 'WiFi': ""u'free'"", 'HappyHour': 'True'}",Italian
SAQgO7Ij2cdnMp8VQKBffA,Emilios Ristorante & Bar,Santa Barbara,CA,93101,34.4085635,-119.6933724,3.5,49,0,1,"{'RestaurantsPriceRange2': '3', 'Alcohol': ""u'full_bar'"", 'RestaurantsGoodForGroups': 'True', 'RestaurantsTakeOut': 'True', 'BusinessParking': ""{'garage': False, 'street': True, 'validated': False, 'lot': False, 'valet': False}"", 'GoodForKids': 'False', 'WiFi': ""u'no'"", 'BusinessAcceptsCreditCards': 'True', 'OutdoorSeating': 'True', 'RestaurantsDelivery': 'False', 'RestaurantsReservations': 'True', 'Caters': 'True', 'Ambience': ""{'romantic': True, 'intimate': False, 'touristy': False, 'hipster': False, 'divey': False, 'classy': False, 'trendy': False, 'upscale': False, 'casual': False}"", 'RestaurantsAttire': ""u'casual'"", 'NoiseLevel': ""u'quiet'"", 'HasTV': 'False'}",Italian
fKrmWy4GFsrgdOYhN9pyZA,Trattoria Vittoria,Santa Barbara,CA,93101,34.4248824,-119.7047448,4,334,1,0,"{'RestaurantsGoodForGroups': 'True', 'Caters': 'False', 'WiFi': ""u'no'"", 'GoodForKids': 'True', 'HasTV': 'True', 'RestaurantsReservations': 'True', 'RestaurantsAttire': ""'casual'"", 'Alcohol': ""'full_bar'"", 'BikeParking': 'True', 'RestaurantsTableService': 'True', 'NoiseLevel': ""u'average'"", 'RestaurantsPriceRange2': '2', 'RestaurantsDelivery': 'None', 'HappyHour': 'True', 'BusinessAcceptsCreditCards': 'True', 'WheelchairAccessible': 'True', 'OutdoorSeating': 'None', 'Ambience': ""{'touristy': False, 'hipster': False, 'romantic': None, 'divey': False, 'intimate': None, 'trendy': False, 'upscale': False, 'classy': None, 'casual': None}"", 'BusinessParking': ""{u'valet': False, u'garage': None, u'street': True, u'lot': False, u'validated': False}"", 'GoodForMeal': ""{u'breakfast': False, u'brunch': False, u'lunch': None, u'dinner': True, u'latenight': False, u'dessert': None}"", 'RestaurantsTakeOut': 'True'}",Italian
ZrxlfdFU_qpnIHI2DmoRxA,Mesa Pizza,Santa Barbara,CA,93109,34.4005756,-119.7227184,4,176,1,0,"{'RestaurantsDelivery': 'True', 'RestaurantsTakeOut': 'True', 'HasTV': 'True', 'BusinessAcceptsCreditCards': 'True', 'Alcohol': ""u'beer_and_wine'"", 'RestaurantsAttire': ""'casual'"", 'Ambience': ""{'romantic': False, 'intimate': False, 'touristy': False, 'hipster': False, 'divey': False, 'classy': False, 'trendy': False, 'upscale': False, 'casual': True}"", 'RestaurantsPriceRange2': '2', 'GoodForKids': 'True', 'WiFi': ""u'free'"", 'BusinessParking': ""{'garage': False, 'street': False, 'validated': False, 'lot': True, 'valet': False}"", 'BikeParking': 'True', 'NoiseLevel': ""u'average'"", 'RestaurantsGoodForGroups': 'True', 'RestaurantsReservations': 'True', 'Caters': 'True', 'GoodForMeal': ""{'dessert': False, 'latenight': False, 'lunch': True, 'dinner': True, 'brunch': False, 'breakfast': False}"", 'DogsAllowed': 'True', 'OutdoorSeating': 'False'}",Italian
eUIsUpG6KAonYxGoExzy2Q,Costa Kitchen & Bar,Santa Barbara,CA,93103,34.41763899,-119.6692747,5,14,1,0,"{'BusinessAcceptsCreditCards': 'True', 'Ambience': ""{u'divey': False, u'hipster': False, u'casual': False, u'touristy': False, u'trendy': False, u'intimate': False, u'romantic': False, u'classy': True, u'upscale': False}"", 'RestaurantsDelivery': 'False', 'BikeParking': 'True', 'OutdoorSeating': 'True', 'RestaurantsReservations': 'True', 'RestaurantsTakeOut': 'True', 'BusinessParking': ""{u'valet': False, u'garage': False, u'street': False, u'lot': True, u'validated': False}"", 'Caters': 'False', 'WheelchairAccessible': 'True', 'RestaurantsTableService': 'True', 'Corkage': 'True', 'WiFi': ""u'free'"", 'Alcohol': ""u'full_bar'"", 'HasTV': 'True'}",Italian
HrsWLRW7sPxjeC_hDA0Diw,Santa Barbara's Wood Fired Pizza,Santa Barbara,CA,93105,34.4376229,-119.7262251,4,5,0,1,"{'Caters': 'True', 'RestaurantsDelivery': 'True', 'BikeParking': 'True', 'RestaurantsTakeOut': 'True', 'RestaurantsTableService': 'True', 'Alcohol': ""u'none'"", 'RestaurantsReservations': 'False', 'WiFi': ""u'free'"", 'OutdoorSeating': 'False', 'BusinessParking': ""{'garage': False, 'street': False, 'validated': False, 'lot': True, 'valet': False}"", 'BusinessAcceptsCreditCards': 'True', 'WheelchairAccessible': 'True'}",Italian
sdzD-6O7eKIYgF9WzOuasg,Max's Restaurant & Cucina,Santa Barbara,CA,93105,34.4406445,-119.7387679,4,146,0,1,"{'NoiseLevel': ""u'quiet'"", 'Alcohol': ""u'beer_and_wine'"", 'BusinessAcceptsCreditCards': 'True', 'RestaurantsTakeOut': 'True', 'RestaurantsPriceRange2': '2', 'OutdoorSeating': 'False', 'RestaurantsDelivery': 'False', 'RestaurantsAttire': ""'casual'"", 'BusinessParking': ""{'garage': False, 'street': False, 'validated': False, 'lot': True, 'valet': False}"", 'HasTV': 'False', 'RestaurantsGoodForGroups': 'True', 'Caters': 'True', 'Ambience': ""{'romantic': False, 'intimate': False, 'touristy': False, 'hipster': False, 'divey': False, 'classy': False, 'trendy': False, 'upscale': False, 'casual': True}"", 'WiFi': ""u'free'"", 'RestaurantsReservations': 'True', 'GoodForMeal': ""{'dessert': False, 'latenight': False, 'lunch': False, 'dinner': False, 'brunch': False, 'breakfast': True}"", 'BikeParking': 'True', 'GoodForKids': 'True'}",Italian
JjmmSW_QQh2Db4fuIEMATA,Persona Pizzeria,Santa Barbara,CA,93101,34.42060882,-119.7009534,4,624,1,0,"{'Ambience': ""{'romantic': False, 'intimate': False, 'touristy': False, 'hipster': False, 'divey': False, 'classy': False, 'trendy': False, 'upscale': False, 'casual': True}"", 'Caters': 'True', 'BusinessParking': ""{'garage': True, 'street': False, 'validated': False, 'lot': False, 'valet': False}"", 'WiFi': ""u'free'"", 'RestaurantsReservations': 'True', 'BikeParking': 'True', 'Alcohol': ""u'beer_and_wine'"", 'NoiseLevel': ""u'average'"", 'HasTV': 'False', 'GoodForKids': 'True', 'RestaurantsAttire': ""u'casual'"", 'RestaurantsPriceRange2': '2', 'BusinessAcceptsCreditCards': 'True', 'BusinessAcceptsBitcoin': 'False', 'RestaurantsDelivery': 'True', 'Corkage': 'True', 'RestaurantsGoodForGroups': 'True', 'HappyHour': 'True', 'GoodForMeal': ""{'dessert': None, 'latenight': False, 'lunch': True, 'dinner': True, 'brunch': False, 'breakfast': False}"", 'DogsAllowed': 'True', 'RestaurantsTableService': 'False', 'RestaurantsTakeOut': 'True', 'OutdoorSeating': 'True', 'WheelchairAccessible': 'True'}",Italian
2bxZhBk8JZkJ1GqfTB0cUQ,California Pasta,Santa Barbara,CA,93101,34.4195303,-119.7001825,3.5,287,1,0,"{'OutdoorSeating': 'True', 'RestaurantsTakeOut': 'True', 'RestaurantsPriceRange2': '2', 'BusinessAcceptsCreditCards': 'True', 'NoiseLevel': ""u'average'"", 'HasTV': 'False', 'BikeParking': 'True', 'Alcohol': ""u'beer_and_wine'"", 'RestaurantsGoodForGroups': 'False', 'WiFi': ""u'no'"", 'GoodForMeal': ""{'dessert': False, 'latenight': False, 'lunch': True, 'dinner': False, 'brunch': False, 'breakfast': False}"", 'BusinessAcceptsBitcoin': 'False', 'Caters': 'True', 'RestaurantsReservations': 'False', 'GoodForKids': 'True', 'HappyHour': 'False', 'BusinessParking': ""{'garage': False, 'street': True, 'validated': False, 'lot': False, 'valet': False}"", 'RestaurantsDelivery': 'True', 'Ambience': ""{u'divey': False, u'hipster': False, u'casual': True, u'touristy': None, u'trendy': None, u'intimate': None, u'romantic': False, u'classy': False, u'upscale': False}"", 'RestaurantsAttire': ""'casual'""}",Italian
9kfN12wVGnKo54AaRjz0vQ,Guicho's Eatery,Carpinteria,CA,93013,34.3985357,-119.5193015,4.5,179,1,0,"{'RestaurantsTakeOut': 'True', 'BusinessAcceptsCreditCards': 'True', 'GoodForKids': 'True', 'BusinessParking': ""{'garage': False, 'street': True, 'validated': False, 'lot': False, 'valet': False}"", 'WiFi': ""'no'"", 'HasTV': 'True', 'RestaurantsAttire': ""'casual'"", 'RestaurantsDelivery': 'None', 'DriveThru': 'False', 'RestaurantsGoodForGroups': 'True', 'NoiseLevel': ""u'average'"", 'RestaurantsPriceRange2': '2', 'DogsAllowed': 'False', 'OutdoorSeating': 'True', 'GoodForMeal': ""{'dessert': False, 'latenight': False, 'lunch': False, 'dinner': True, 'brunch': False, 'breakfast': False}"", 'RestaurantsReservations': 'False', 'Ambience': ""{'touristy': False, 'hipster': False, 'romantic': False, 'divey': False, 'intimate': False, 'trendy': False, 'upscale': False, 'classy': True, 'casual': False}""}",Italian
lNECraPTMtUPDJPjmF0tVA,Crocodile Restaurant & Bar,Santa Barbara,CA,93105,34.438204,-119.725019,4,119,1,0,"{'RestaurantsAttire': ""u'casual'"", 'RestaurantsGoodForGroups': 'True', 'RestaurantsTakeOut': 'True', 'RestaurantsPriceRange2': '2', 'NoiseLevel': ""u'average'"", 'HasTV': 'True', 'BusinessAcceptsCreditCards': 'True', 'Alcohol': ""u'full_bar'"", 'RestaurantsReservations': 'True', 'BusinessParking': ""{'garage': False, 'street': False, 'validated': False, 'lot': True, 'valet': False}"", 'Caters': 'False', 'WiFi': ""u'free'"", 'GoodForKids': 'True', 'OutdoorSeating': 'True', 'Ambience': ""{'touristy': False, 'hipster': False, 'romantic': False, 'divey': False, 'intimate': False, 'trendy': False, 'upscale': False, 'classy': True, 'casual': True}"", 'BikeParking': 'True', 'HappyHour': 'True', 'RestaurantsDelivery': 'True', 'Music': ""{u'dj': False, u'live': False, u'jukebox': False, u'video': False, u'background_music': False, u'karaoke': False, u'no_music': False}"", 'BestNights': ""{'monday': False, 'tuesday': False, 'friday': True, 'wednesday': False, 'thursday': False, 'sunday': False, 'saturday': False}"", 'GoodForMeal': ""{u'breakfast': None, u'brunch': None, u'lunch': None, u'dinner': True, u'latenight': False, u'dessert': None}""}",Italian
m4xrhESFLaA7PiddXeg2aw,Pierre Lafond Wine Bistro,Santa Barbara,CA,93101,34.4173624,-119.6959549,3.5,188,0,1,"{'RestaurantsDelivery': 'True', 'BYOBCorkage': ""'no'"", 'Caters': 'True', 'RestaurantsReservations': 'True', 'BusinessParking': ""{'garage': False, 'street': True, 'validated': False, 'lot': False, 'valet': False}"", 'RestaurantsTakeOut': 'True', 'BusinessAcceptsCreditCards': 'True', 'RestaurantsGoodForGroups': 'True', 'OutdoorSeating': 'True', 'GoodForKids': 'True', 'WiFi': ""u'free'"", 'Ambience': ""{'touristy': False, 'hipster': False, 'romantic': False, 'divey': False, 'intimate': False, 'trendy': False, 'upscale': False, 'classy': False, 'casual': False}"", 'BikeParking': 'True', 'RestaurantsAttire': ""u'casual'"", 'NoiseLevel': ""u'average'"", 'Alcohol': ""u'beer_and_wine'"", 'RestaurantsPriceRange2': '2', 'HasTV': 'False', 'HappyHour': 'True'}",Italian
CziOtnFSklimJnBgksDDwA,Pascucci,Santa Barbara,CA,93101,34.419107,-119.699243,3.5,1069,1,0,"{'OutdoorSeating': 'True', 'Caters': 'True', 'BusinessParking': ""{'garage': True, 'street': True, 'validated': False, 'lot': False, 'valet': False}"", 'RestaurantsPriceRange2': '2', 'Alcohol': ""'full_bar'"", 'WiFi': ""u'free'"", 'RestaurantsGoodForGroups': 'True', 'Corkage': 'True', 'BikeParking': 'True', 'GoodForKids': 'True', 'RestaurantsReservations': 'False', 'RestaurantsAttire': ""'casual'"", 'RestaurantsTakeOut': 'True', 'BusinessAcceptsCreditCards': 'True', 'NoiseLevel': ""u'average'"", 'GoodForMeal': ""{'dessert': False, 'latenight': False, 'lunch': True, 'dinner': True, 'brunch': False, 'breakfast': False}"", 'BYOBCorkage': ""'yes_corkage'"", 'HasTV': 'False', 'BusinessAcceptsBitcoin': 'False', 'HappyHour': 'True', 'RestaurantsDelivery': 'True', 'Ambience': ""{'touristy': None, 'hipster': False, 'romantic': None, 'divey': False, 'intimate': None, 'trendy': False, 'upscale': False, 'classy': True, 'casual': True}"", 'RestaurantsTableService': 'True', 'DogsAllowed': 'True', 'DriveThru': 'False', 'WheelchairAccessible': 'True'}",Italian
e0DU7_0mfalr-lnyUafiag,Via Vai Trattoria Pizzeria,Montecito,CA,93108,34.4364174,-119.6330972,3.5,147,1,0,"{'RestaurantsReservations': 'True', 'GoodForKids': 'True', 'RestaurantsAttire': ""'casual'"", 'RestaurantsPriceRange2': '2', 'RestaurantsTakeOut': 'True', 'Alcohol': ""'beer_and_wine'"", 'BusinessParking': ""{'garage': False, 'street': False, 'validated': False, 'lot': True, 'valet': False}"", 'OutdoorSeating': 'True', 'RestaurantsDelivery': 'False', 'WiFi': ""u'no'"", 'GoodForMeal': ""{'dessert': False, 'latenight': False, 'lunch': True, 'dinner': True, 'brunch': False, 'breakfast': False}"", 'RestaurantsGoodForGroups': 'True', 'BikeParking': 'True', 'BusinessAcceptsCreditCards': 'True', 'NoiseLevel': ""u'average'"", 'HasTV': 'True', 'RestaurantsTableService': 'True', 'Ambience': ""{'touristy': False, 'hipster': False, 'romantic': False, 'divey': False, 'intimate': False, 'trendy': False, 'upscale': False, 'classy': True, 'casual': True}""}",Italian
me_-zWgGZATKrljrJ-jvKA,Pasta House,Goleta,CA,93117,34.4132919,-119.855932,3,13,0,1,"{'RestaurantsAttire': ""u'casual'"", 'RestaurantsTakeOut': 'True', 'Ambience': ""{'romantic': False, 'intimate': False, 'touristy': False, 'hipster': False, 'divey': False, 'classy': False, 'trendy': False, 'upscale': False, 'casual': False}"", 'Caters': 'False', 'BusinessAcceptsCreditCards': 'True', 'RestaurantsPriceRange2': '1', 'RestaurantsDelivery': 'True', 'RestaurantsGoodForGroups': 'True', 'HasTV': 'False', 'BusinessParking': ""{'garage': False, 'street': False, 'validated': False, 'lot': False, 'valet': False}"", 'RestaurantsReservations': 'False', 'NoiseLevel': ""u'average'"", 'OutdoorSeating': 'True', 'GoodForKids': 'True'}",Italian
_kJzi_k6LwtE3phJFxNOzA,Sorriso Italiano,Isla Vista,CA,93117,34.41285039,-119.8571276,4,137,0,1,"{'RestaurantsReservations': 'True', 'BusinessParking': ""{'garage': False, 'street': True, 'validated': False, 'lot': False, 'valet': False}"", 'NoiseLevel': ""u'average'"", 'RestaurantsDelivery': 'True', 'GoodForKids': 'True', 'WiFi': ""u'free'"", 'Caters': 'True', 'OutdoorSeating': 'True', 'RestaurantsGoodForGroups': 'True', 'Alcohol': ""u'beer_and_wine'"", 'Ambience': ""{'romantic': False, 'intimate': False, 'classy': False, 'hipster': False, 'divey': False, 'touristy': False, 'trendy': False, 'upscale': False, 'casual': True}"", 'RestaurantsAttire': ""u'casual'"", 'BikeParking': 'True', 'BusinessAcceptsCreditCards': 'True', 'HasTV': 'False', 'RestaurantsPriceRange2': '1', 'GoodForMeal': ""{'dessert': True, 'latenight': False, 'lunch': True, 'dinner': True, 'brunch': False, 'breakfast': False}"", 'RestaurantsTakeOut': 'True'}",Italian
1kVnChI4aqsPw9i2PVqkkw,Fresco Cafe,Santa Barbara,CA,93105,34.43941812,-119.7514181,4,278,1,0,"{'RestaurantsTakeOut': 'True', 'BusinessAcceptsCreditCards': 'True', 'WiFi': ""u'no'"", 'RestaurantsPriceRange2': '2', 'Caters': 'True', 'GoodForKids': 'True', 'RestaurantsAttire': ""'casual'"", 'RestaurantsGoodForGroups': 'True', 'BusinessParking': ""{'garage': False, 'street': False, 'validated': False, 'lot': True, 'valet': False}"", 'Alcohol': ""u'beer_and_wine'"", 'NoiseLevel': ""u'average'"", 'RestaurantsReservations': 'False', 'BikeParking': 'True', 'DogsAllowed': 'True', 'OutdoorSeating': 'True', 'GoodForMeal': ""{u'breakfast': None, u'brunch': None, u'lunch': True, u'dinner': True, u'latenight': False, u'dessert': None}"", 'Ambience': ""{u'divey': False, u'hipster': False, u'casual': True, u'touristy': False, u'trendy': False, u'intimate': False, u'romantic': False, u'classy': False, u'upscale': False}"", 'HasTV': 'True', 'RestaurantsDelivery': 'True'}",Italian
Y-qMi8FQYC6-wq-4wBA54Q,Carrillo Dining Commons,Isla Vista,CA,93117,34.40995129,-119.8527449,4,7,1,0,"{'RestaurantsDelivery': 'False', 'BikeParking': 'True', 'NoiseLevel': ""'average'"", 'GoodForKids': 'True', 'BusinessAcceptsCreditCards': 'False', 'RestaurantsReservations': 'True', 'RestaurantsTakeOut': 'False', 'GoodForMeal': ""{'dessert': False, 'latenight': False, 'lunch': False, 'dinner': False, 'brunch': False, 'breakfast': False}"", 'RestaurantsPriceRange2': '2', 'Alcohol': ""'none'"", 'WiFi': ""'free'"", 'Ambience': ""{'romantic': False, 'intimate': False, 'classy': False, 'hipster': False, 'divey': False, 'touristy': False, 'trendy': False, 'upscale': False, 'casual': False}"", 'RestaurantsGoodForGroups': 'True', 'OutdoorSeating': 'True', 'Caters': 'False', 'RestaurantsAttire': ""'casual'"", 'RestaurantsTableService': 'False', 'BusinessParking': ""{u'valet': False, u'garage': None, u'street': False, u'lot': None, u'validated': None}"", 'HasTV': 'True'}",Italian
f7S0WFDy_J1TGahYhnoMLA,OPPIâ€™Z Bistro And Natural Pizza,Santa Barbara,CA,93101,34.4223088,-119.7025471,4.5,170,1,0,"{'RestaurantsTakeOut': 'True', 'HappyHour': 'True', 'OutdoorSeating': 'True', 'WiFi': ""u'free'"", 'Alcohol': ""u'beer_and_wine'"", 'Ambience': ""{'touristy': False, 'hipster': False, 'romantic': False, 'divey': False, 'intimate': False, 'trendy': False, 'upscale': False, 'classy': True, 'casual': False}"", 'GoodForMeal': ""{'dessert': True, 'latenight': None, 'lunch': None, 'dinner': True, 'brunch': None, 'breakfast': None}"", 'BikeParking': 'True', 'RestaurantsPriceRange2': '2', 'HasTV': 'False', 'RestaurantsAttire': ""u'casual'"", 'WheelchairAccessible': 'True', 'RestaurantsTableService': 'True', 'DogsAllowed': 'True', 'RestaurantsReservations': 'True', 'RestaurantsDelivery': 'True', 'RestaurantsGoodForGroups': 'True', 'BusinessAcceptsCreditCards': 'True', 'BusinessParking': 'None', 'Caters': 'False', 'BusinessAcceptsBitcoin': 'False'}",Italian
x2ly0NsSTMmMpljpdIZdYA,Cadiz Restaurant & Bar,Santa Barbara,CA,93101,34.4168335,-119.6961533,4.5,697,0,1,"{'WiFi': ""u'free'"", 'RestaurantsPriceRange2': '2', 'NoiseLevel': ""u'average'"", 'Alcohol': ""u'full_bar'"", 'RestaurantsGoodForGroups': 'True', 'RestaurantsReservations': 'True', 'RestaurantsDelivery': 'False', 'Caters': 'True', 'GoodForKids': 'False', 'RestaurantsAttire': ""u'casual'"", 'RestaurantsTakeOut': 'True', 'BikeParking': 'False', 'OutdoorSeating': 'True', 'BusinessParking': ""{'garage': False, 'street': True, 'validated': False, 'lot': True, 'valet': False}"", 'BusinessAcceptsCreditCards': 'True', 'GoodForMeal': ""{'dessert': False, 'latenight': False, 'lunch': False, 'dinner': True, 'brunch': False, 'breakfast': False}"", 'Ambience': ""{'romantic': False, 'intimate': False, 'classy': True, 'hipster': False, 'divey': False, 'touristy': False, 'trendy': False, 'upscale': False, 'casual': False}"", 'Music': ""{'dj': False, 'background_music': True, 'no_music': False, 'jukebox': False, 'live': False, 'video': False, 'karaoke': False}"", 'GoodForDancing': 'False', 'Smoking': ""u'no'"", 'HasTV': 'True'}",Italian
Gof3vW62_EDmqgAPTL-nKQ,Pascucci,Goleta,CA,93117,34.42938754,-119.8701598,2,159,0,1,"{'RestaurantsPriceRange2': '2', 'RestaurantsGoodForGroups': 'True', 'RestaurantsDelivery': 'False', 'RestaurantsTakeOut': 'True', 'RestaurantsReservations': 'False', 'RestaurantsAttire': ""u'casual'"", 'BusinessAcceptsCreditCards': 'True', 'OutdoorSeating': 'True', 'BusinessParking': ""{'garage': False, 'street': False, 'validated': False, 'lot': True, 'valet': False}"", 'BusinessAcceptsBitcoin': 'False', 'Alcohol': ""u'full_bar'"", 'Ambience': ""{'touristy': False, 'hipster': False, 'romantic': False, 'divey': False, 'intimate': False, 'trendy': False, 'upscale': False, 'classy': False, 'casual': False}"", 'WiFi': ""u'free'"", 'HasTV': 'True', 'NoiseLevel': ""'average'"", 'Caters': 'True', 'GoodForKids': 'True', 'GoodForMeal': ""{'dessert': False, 'latenight': False, 'lunch': True, 'dinner': True, 'brunch': False, 'breakfast': False}"", 'BikeParking': 'True'}",Italian
hLUqElKTjOzpt_ZXkWVuiA,Montecito Cafe,Santa Barbara,CA,93108,34.4212433,-119.6404617,4,104,0,1,"{'GoodForKids': 'False', 'BusinessAcceptsCreditCards': 'True', 'Alcohol': ""u'full_bar'"", 'BusinessParking': ""{'garage': False, 'street': True, 'validated': False, 'lot': False, 'valet': True}"", 'HasTV': 'False', 'RestaurantsAttire': ""u'casual'"", 'Ambience': ""{'romantic': False, 'intimate': False, 'classy': False, 'hipster': False, 'divey': False, 'touristy': False, 'trendy': False, 'upscale': False, 'casual': False}"", 'RestaurantsDelivery': 'False', 'RestaurantsPriceRange2': '2', 'RestaurantsTakeOut': 'True', 'RestaurantsGoodForGroups': 'True', 'RestaurantsReservations': 'True', 'OutdoorSeating': 'False', 'NoiseLevel': ""u'average'"", 'BikeParking': 'False', 'WiFi': ""'free'""}",Italian
MnAn9IDCGMTXFqUqJ5P53Q,Giovanni's Pizza,Santa Barbara,CA,93109,34.4013817,-119.7224721,3.5,83,0,1,"{'RestaurantsReservations': 'False', 'RestaurantsTakeOut': 'True', 'RestaurantsDelivery': 'True', 'BusinessAcceptsCreditCards': 'True', 'GoodForKids': 'True', 'BikeParking': 'True', 'OutdoorSeating': 'True', 'RestaurantsAttire': ""u'casual'"", 'Caters': 'True', 'HasTV': 'True', 'NoiseLevel': ""u'average'"", 'Alcohol': ""u'beer_and_wine'"", 'WiFi': ""u'no'"", 'Ambience': ""{'romantic': False, 'intimate': False, 'touristy': False, 'hipster': False, 'divey': False, 'classy': False, 'trendy': False, 'upscale': False, 'casual': True}"", 'RestaurantsGoodForGroups': 'True', 'RestaurantsPriceRange2': '2', 'BusinessParking': ""{'garage': False, 'street': False, 'validated': False, 'lot': True, 'valet': False}"", 'GoodForMeal': ""{'dessert': False, 'latenight': False, 'lunch': True, 'dinner': True, 'brunch': False, 'breakfast': False}"", 'WheelchairAccessible': 'True'}",Italian
6EizP0XyqITuGZ8GZMI9Lw,Toma Restaurant & Bar,Santa Barbara,CA,93101,34.408633,-119.693496,4.5,1084,1,0,"{'BikeParking': 'True', 'Alcohol': ""u'full_bar'"", 'NoiseLevel': ""u'average'"", 'BusinessAcceptsCreditCards': 'True', 'WiFi': ""u'no'"", 'RestaurantsPriceRange2': '3', 'HasTV': 'False', 'RestaurantsReservations': 'True', 'BusinessParking': ""{'garage': False, 'street': True, 'validated': False, 'lot': True, 'valet': False}"", 'Smoking': ""u'no'"", 'HappyHour': 'True', 'RestaurantsDelivery': 'None', 'GoodForKids': 'True', 'Corkage': 'True', 'RestaurantsGoodForGroups': 'False', 'GoodForMeal': ""{'dessert': False, 'latenight': False, 'lunch': False, 'dinner': True, 'brunch': False, 'breakfast': False}"", 'Music': ""{'dj': False, 'background_music': False, 'no_music': False, 'jukebox': False, 'live': False, 'video': False, 'karaoke': False}"", 'RestaurantsTableService': 'True', 'BestNights': ""{'monday': False, 'tuesday': True, 'friday': False, 'wednesday': False, 'thursday': True, 'sunday': False, 'saturday': True}"", 'Ambience': ""{'touristy': False, 'hipster': False, 'romantic': False, 'divey': False, 'intimate': False, 'trendy': False, 'upscale': False, 'classy': True, 'casual': False}"", 'GoodForDancing': 'False', 'CoatCheck': 'False', 'OutdoorSeating': 'True', 'WheelchairAccessible': 'True', 'Caters': 'False', 'RestaurantsAttire': ""u'casual'"", 'BYOB': 'False', 'RestaurantsTakeOut': 'True'}",Italian
eoH4nxBTSu6kf-41pWDwJQ,Nutbelly Pizzeria and Deli,Carpinteria,CA,93013,34.398644,-119.519186,4,253,1,0,"{'RestaurantsPriceRange2': '2', 'NoiseLevel': ""u'average'"", 'RestaurantsReservations': 'False', 'GoodForKids': 'True', 'RestaurantsTakeOut': 'True', 'BikeParking': 'True', 'WiFi': ""u'no'"", 'RestaurantsAttire': ""u'casual'"", 'HasTV': 'True', 'RestaurantsGoodForGroups': 'True', 'OutdoorSeating': 'True', 'BusinessAcceptsCreditCards': 'True', 'Alcohol': ""u'beer_and_wine'"", 'Caters': 'False', 'BusinessParking': ""{'garage': False, 'street': True, 'validated': False, 'lot': False, 'valet': False}"", 'RestaurantsDelivery': 'True', 'Ambience': ""{'touristy': False, 'hipster': None, 'romantic': False, 'divey': False, 'intimate': False, 'trendy': None, 'upscale': False, 'classy': False, 'casual': True}"", 'HappyHour': 'True', 'GoodForMeal': ""{'dessert': None, 'latenight': False, 'lunch': True, 'dinner': True, 'brunch': False, 'breakfast': False}""}",Italian
ctVn7wMvJX8f4Z9SnOnrHw,The Bistro,Santa Barbara,CA,93117,34.433341,-119.918381,3.5,243,1,0,"{'BusinessParking': ""{'garage': False, 'street': False, 'validated': False, 'lot': False, 'valet': True}"", 'Alcohol': ""u'full_bar'"", 'GoodForKids': 'True', 'BikeParking': 'False', 'RestaurantsAttire': ""u'casual'"", 'BusinessAcceptsCreditCards': 'True', 'RestaurantsDelivery': 'False', 'RestaurantsReservations': 'True', 'HasTV': 'False', 'RestaurantsGoodForGroups': 'True', 'OutdoorSeating': 'True', 'Caters': 'False', 'RestaurantsTakeOut': 'True', 'RestaurantsPriceRange2': '3', 'WiFi': ""u'free'"", 'HappyHour': 'False', 'Ambience': ""{'touristy': False, 'hipster': False, 'romantic': False, 'divey': False, 'intimate': False, 'trendy': False, 'upscale': False, 'classy': True, 'casual': False}"", 'GoodForMeal': ""{'dessert': None, 'latenight': False, 'lunch': True, 'dinner': None, 'brunch': True, 'breakfast': True}"", 'NoiseLevel': ""u'average'""}",Italian
64Rl3pT4Md4-8ckeaNVZCQ,Bucatini,Santa Barbara,CA,93101,34.4168413,-119.6952286,3.5,280,0,1,"{'NoiseLevel': ""u'average'"", 'GoodForKids': 'True', 'BikeParking': 'True', 'RestaurantsAttire': ""'casual'"", 'BusinessAcceptsCreditCards': 'True', 'Ambience': ""{'romantic': False, 'intimate': False, 'classy': False, 'hipster': False, 'divey': False, 'touristy': False, 'trendy': False, 'upscale': False, 'casual': True}"", 'HasTV': 'False', 'BusinessParking': ""{'garage': False, 'street': True, 'validated': False, 'lot': False, 'valet': False}"", 'RestaurantsReservations': 'True', 'RestaurantsDelivery': 'False', 'OutdoorSeating': 'True', 'RestaurantsPriceRange2': '2', 'RestaurantsGoodForGroups': 'True', 'RestaurantsTakeOut': 'True', 'WiFi': ""'no'"", 'Alcohol': ""u'full_bar'"", 'Caters': 'False'}",Italian
IQFb8aeU7QW-BxpFhGMnlg,Caâ€™Dario - Montecito,Montecito,CA,93108,34.4207816,-119.6449207,4,33,1,0,"{'RestaurantsDelivery': 'True', 'RestaurantsTakeOut': 'True', 'OutdoorSeating': 'True'}",Italian
VW7GMzoQNMqTs9_cM26LLw,Zaffiro,Goleta,CA,93117,34.435949,-119.854131,2,6,0,1,"{'BusinessAcceptsCreditCards': 'True', 'RestaurantsAttire': ""'casual'"", 'BusinessParking': ""{'garage': False, 'street': False, 'validated': False, 'lot': True, 'valet': False}"", 'RestaurantsPriceRange2': '2', 'HappyHour': 'True'}",Italian
wX4ap0Qy5ZK6Hy2iKvBqXA,"The Pasta Shoppe, LLC",Santa Barbara,CA,93101,34.4235962,-119.7066283,4,51,0,1,"{'BusinessParking': ""{'garage': True, 'street': True, 'validated': False, 'lot': True, 'valet': False}"", 'WheelchairAccessible': 'True', 'BusinessAcceptsCreditCards': 'True', 'RestaurantsPriceRange2': '2', 'BikeParking': 'True', 'BusinessAcceptsBitcoin': 'False'}",Italian
PZIVcSuN-G_I6oG6EVKntQ,Anchor Woodfire Kitchen,Santa Barbara,CA,93101,34.4133151,-119.6914508,3.5,59,0,1,"{'HasTV': 'False', 'RestaurantsReservations': 'True', 'Alcohol': ""u'full_bar'"", 'RestaurantsGoodForGroups': 'True', 'Caters': 'False', 'WiFi': ""u'free'"", 'RestaurantsPriceRange2': '3', 'RestaurantsDelivery': 'False', 'GoodForKids': 'False', 'OutdoorSeating': 'False', 'BusinessParking': ""{'garage': False, 'street': True, 'validated': False, 'lot': True, 'valet': True}"", 'NoiseLevel': ""u'average'"", 'RestaurantsTakeOut': 'True', 'BusinessAcceptsCreditCards': 'True', 'Ambience': ""{'romantic': False, 'intimate': False, 'touristy': False, 'hipster': False, 'divey': False, 'classy': False, 'trendy': True, 'upscale': False, 'casual': False}"", 'RestaurantsAttire': ""u'casual'"", 'BikeParking': 'True', 'HappyHour': 'True'}",Italian
zeAfmYy9b1gfUJLRBHm6vQ,Presto Pasta,Santa Barbara,CA,93105,34.437063,-119.725682,4,240,1,0,"{'NoiseLevel': ""u'average'"", 'GoodForKids': 'True', 'BusinessAcceptsCreditCards': 'True', 'RestaurantsGoodForGroups': 'True', 'HasTV': 'False', 'RestaurantsReservations': 'False', 'RestaurantsAttire': ""u'casual'"", 'Alcohol': ""u'beer_and_wine'"", 'BikeParking': 'True', 'Ambience': ""{'romantic': False, 'intimate': False, 'touristy': False, 'hipster': False, 'divey': False, 'classy': False, 'trendy': False, 'upscale': False, 'casual': True}"", 'BusinessParking': ""{'garage': False, 'street': False, 'validated': False, 'lot': True, 'valet': False}"", 'WiFi': ""u'no'"", 'GoodForMeal': ""{'dessert': None, 'latenight': False, 'lunch': True, 'dinner': True, 'brunch': False, 'breakfast': False}"", 'ByAppointmentOnly': 'False', 'RestaurantsPriceRange2': '2', 'DriveThru': 'True', 'RestaurantsDelivery': 'True', 'Caters': 'True', 'RestaurantsTableService': 'False', 'RestaurantsTakeOut': 'None', 'OutdoorSeating': 'None'}",Italian
HNACff49-kXS7l0MyLOzHw,Rusty's Pizza Parlor,Santa Barbara,CA,93111,34.43653347,-119.7910648,2.5,48,1,0,"{'BYOBCorkage': ""'yes_free'"", 'RestaurantsDelivery': 'True', 'RestaurantsGoodForGroups': 'True', 'RestaurantsTakeOut': 'True', 'Corkage': 'False', 'BusinessAcceptsCreditCards': 'True', 'RestaurantsAttire': ""'casual'"", 'GoodForKids': 'True', 'RestaurantsPriceRange2': '2', 'OutdoorSeating': 'False', 'WiFi': ""'no'"", 'BusinessParking': ""{'garage': False, 'street': False, 'validated': False, 'lot': True, 'valet': False}"", 'NoiseLevel': ""u'average'"", 'Ambience': ""{u'divey': False, u'hipster': False, u'casual': True, u'touristy': None, u'trendy': False, u'intimate': False, u'romantic': False, u'classy': False, u'upscale': False}"", 'Alcohol': ""u'beer_and_wine'"", 'WheelchairAccessible': 'True', 'GoodForMeal': ""{u'breakfast': False, u'brunch': False, u'lunch': True, u'dinner': True, u'latenight': False, u'dessert': None}"", 'HasTV': 'True', 'RestaurantsReservations': 'False'}",Italian
acqDz7WDsCS3WiLxHVceOg,CafÃ© Lido,Santa Barbara,CA,93103,34.4178772,-119.6693964,3.5,11,1,0,"{'RestaurantsTakeOut': 'True', 'OutdoorSeating': 'True'}",Italian
HA_Hks9YjRqz3Yk6JDAaIQ,Bougainvillea,Santa Barbara,CA,93101,34.4142018,-119.6916506,4.5,13,0,1,"{'RestaurantsAttire': ""'casual'"", 'RestaurantsTakeOut': 'True', 'RestaurantsGoodForGroups': 'True', 'BusinessParking': ""{'garage': False, 'street': True, 'validated': False, 'lot': False, 'valet': False}"", 'BusinessAcceptsCreditCards': 'True', 'GoodForKids': 'False', 'RestaurantsReservations': 'True', 'OutdoorSeating': 'True', 'RestaurantsPriceRange2': '2', 'Alcohol': ""'full_bar'""}",Italian
I3yiknZLxXVIjYp4WmLz2w,Petrini's Restaurant,Goleta,CA,93117,34.4411637,-119.8225584,3,73,0,1,"{'NoiseLevel': ""u'average'"", 'RestaurantsPriceRange2': '2', 'RestaurantsDelivery': 'False', 'Ambience': ""{'romantic': False, 'intimate': False, 'touristy': False, 'hipster': False, 'divey': False, 'classy': False, 'trendy': False, 'upscale': False, 'casual': True}"", 'RestaurantsGoodForGroups': 'True', 'BusinessParking': ""{'garage': False, 'street': False, 'validated': False, 'lot': True, 'valet': False}"", 'RestaurantsAttire': ""u'casual'"", 'RestaurantsTakeOut': 'True', 'HasTV': 'True', 'OutdoorSeating': 'True', 'GoodForKids': 'True', 'BusinessAcceptsCreditCards': 'True', 'Alcohol': ""u'beer_and_wine'"", 'BikeParking': 'True', 'WiFi': ""u'free'"", 'RestaurantsReservations': 'True', 'Caters': 'False'}",Italian
VOcGcN0bvGU_nzxbJgR5jQ,Bettina,Santa Barbara,CA,93108,34.4225616,-119.6517163,4.5,311,1,0,"{'HappyHour': 'True', 'WiFi': ""u'free'"", 'RestaurantsAttire': ""u'casual'"", 'BikeParking': 'True', 'RestaurantsTableService': 'True', 'RestaurantsReservations': 'True', 'Alcohol': ""u'full_bar'"", 'BusinessAcceptsCreditCards': 'True', 'WheelchairAccessible': 'True', 'HasTV': 'False', 'BusinessParking': ""{'garage': False, 'street': True, 'validated': False, 'lot': True, 'valet': True}"", 'GoodForKids': 'True', 'Ambience': ""{'touristy': False, 'hipster': False, 'romantic': False, 'divey': False, 'intimate': False, 'trendy': False, 'upscale': False, 'classy': True, 'casual': False}"", 'RestaurantsDelivery': 'True', 'RestaurantsGoodForGroups': 'True', 'DogsAllowed': 'True', 'RestaurantsPriceRange2': '2', 'BusinessAcceptsBitcoin': 'False', 'BYOB': 'True', 'Corkage': 'True', 'NoiseLevel': ""u'average'"", 'RestaurantsTakeOut': 'True', 'Caters': 'True', 'OutdoorSeating': 'True', 'GoodForMeal': ""{'dessert': None, 'latenight': None, 'lunch': True, 'dinner': True, 'brunch': None, 'breakfast': None}""}",Italian
DOfiulOub9hVPBCtiDl9Fw,Lucky Penny,Santa Barbara,CA,93101,34.414643,-119.690235,4,643,1,0,"{'BikeParking': 'True', 'RestaurantsGoodForGroups': 'True', 'BusinessAcceptsCreditCards': 'True', 'RestaurantsTakeOut': 'True', 'NoiseLevel': ""'average'"", 'HasTV': 'False', 'Alcohol': ""u'beer_and_wine'"", 'RestaurantsReservations': 'False', 'Caters': 'True', 'BusinessParking': ""{'garage': False, 'street': True, 'validated': False, 'lot': False, 'valet': False}"", 'GoodForKids': 'True', 'RestaurantsAttire': ""u'casual'"", 'Ambience': ""{'touristy': False, 'hipster': True, 'romantic': False, 'divey': False, 'intimate': False, 'trendy': True, 'upscale': False, 'classy': True, 'casual': True}"", 'BestNights': ""{u'monday': False, u'tuesday': False, u'wednesday': False, u'thursday': False, u'friday': False, u'saturday': False, u'sunday': False}"", 'RestaurantsPriceRange2': '2', 'GoodForMeal': ""{u'breakfast': None, u'brunch': None, u'lunch': True, u'dinner': None, u'latenight': False, u'dessert': False}"", 'OutdoorSeating': 'None', 'DogsAllowed': 'True', 'WiFi': ""'no'"", 'WheelchairAccessible': 'True', 'CoatCheck': 'False', 'Music': ""{u'dj': False, u'live': False, u'jukebox': False, u'video': False, u'background_music': False, u'karaoke': False, u'no_music': False}"", 'RestaurantsDelivery': 'None'}",Italian
HJ_rOClY2RPrdervYopKmQ,Mosto,Santa Barbara,CA,93101,34.416454,-119.695668,4,96,0,1,"{'RestaurantsAttire': ""u'casual'"", 'Caters': 'True', 'BusinessParking': ""{'garage': False, 'street': True, 'validated': False, 'lot': False, 'valet': False}"", 'HasTV': 'False', 'GoodForKids': 'False', 'CoatCheck': 'False', 'NoiseLevel': ""u'quiet'"", 'RestaurantsTableService': 'True', 'Alcohol': ""'beer_and_wine'"", 'OutdoorSeating': 'False', 'HappyHour': 'True', 'RestaurantsTakeOut': 'True', 'RestaurantsPriceRange2': '2', 'RestaurantsDelivery': 'True', 'RestaurantsReservations': 'True', 'BusinessAcceptsBitcoin': 'False', 'GoodForDancing': 'False', 'BestNights': ""{'monday': False, 'tuesday': False, 'friday': True, 'wednesday': False, 'thursday': False, 'sunday': True, 'saturday': True}"", 'WheelchairAccessible': 'True', 'Ambience': ""{'touristy': False, 'hipster': None, 'romantic': True, 'divey': None, 'intimate': True, 'trendy': True, 'upscale': True, 'classy': None, 'casual': True}"", 'RestaurantsGoodForGroups': 'False', 'WiFi': ""u'free'"", 'DogsAllowed': 'False', 'BikeParking': 'True', 'Smoking': ""u'no'"", 'Music': ""{'dj': False, 'background_music': False, 'no_music': False, 'jukebox': False, 'live': True, 'video': False, 'karaoke': False}"", 'ByAppointmentOnly': 'False', 'GoodForMeal': ""{'dessert': None, 'latenight': None, 'lunch': False, 'dinner': True, 'brunch': None, 'breakfast': None}"", 'BusinessAcceptsCreditCards': 'True'}",Italian
TCWnTa69sJ3vGQsdEe3Esw,Uncle Roccos Famous NY Pizza,Santa Barbara,CA,93101,34.4165849,-119.6955333,2.5,317,1,0,"{'OutdoorSeating': 'False', 'BikeParking': 'True', 'RestaurantsPriceRange2': '2', 'BusinessAcceptsCreditCards': 'True', 'BusinessParking': ""{'garage': False, 'street': True, 'validated': False, 'lot': False, 'valet': False}"", 'RestaurantsGoodForGroups': 'True', 'RestaurantsReservations': 'False', 'RestaurantsAttire': ""'casual'"", 'RestaurantsTakeOut': 'True', 'NoiseLevel': ""u'average'"", 'WiFi': ""u'no'"", 'Caters': 'True', 'HasTV': 'True', 'Alcohol': ""u'beer_and_wine'"", 'DriveThru': 'False', 'Ambience': ""{'touristy': False, 'hipster': False, 'romantic': False, 'divey': False, 'intimate': False, 'trendy': False, 'upscale': False, 'classy': False, 'casual': False}"", 'DogsAllowed': 'False', 'GoodForKids': 'True', 'RestaurantsDelivery': 'True', 'GoodForMeal': ""{'dessert': False, 'latenight': True, 'lunch': False, 'dinner': False, 'brunch': False, 'breakfast': False}""}",Italian
ByKCIpZWHYUTuCJcoZ-ONQ,Giovanni's,Goleta,CA,93117,34.4129008,-119.8578105,4,87,0,1,"{'RestaurantsTakeOut': 'True', 'RestaurantsGoodForGroups': 'True', 'GoodForKids': 'True', 'RestaurantsReservations': 'False', 'RestaurantsAttire': ""'casual'"", 'BusinessAcceptsCreditCards': 'True', 'Alcohol': ""u'beer_and_wine'"", 'HasTV': 'True', 'RestaurantsPriceRange2': '1', 'OutdoorSeating': 'True', 'WiFi': ""u'free'"", 'RestaurantsDelivery': 'True', 'NoiseLevel': ""u'loud'"", 'BusinessParking': ""{'garage': False, 'street': False, 'validated': False, 'lot': True, 'valet': False}"", 'Caters': 'True', 'Ambience': ""{'romantic': False, 'intimate': False, 'touristy': False, 'hipster': False, 'divey': False, 'classy': False, 'trendy': False, 'upscale': False, 'casual': True}"", 'HappyHour': 'True', 'BikeParking': 'True', 'BusinessAcceptsBitcoin': 'False'}",Italian
HOXbILWYZJkNUYYzYK_tZA,Arnoldi's Cafe,Santa Barbara,CA,93101,34.4232597,-119.691138,4,291,1,0,"{'RestaurantsReservations': 'True', 'Ambience': ""{'romantic': False, 'intimate': False, 'touristy': False, 'hipster': False, 'divey': False, 'classy': False, 'trendy': False, 'upscale': False, 'casual': True}"", 'RestaurantsGoodForGroups': 'True', 'BusinessAcceptsCreditCards': 'True', 'RestaurantsAttire': ""'casual'"", 'RestaurantsPriceRange2': '2', 'RestaurantsTakeOut': 'True', 'Alcohol': ""u'full_bar'"", 'NoiseLevel': ""u'average'"", 'HasTV': 'True', 'BikeParking': 'True', 'Caters': 'False', 'WiFi': ""u'no'"", 'GoodForKids': 'True', 'BusinessParking': ""{'garage': False, 'street': True, 'validated': False, 'lot': False, 'valet': False}"", 'OutdoorSeating': 'True', 'GoodForMeal': ""{'dessert': None, 'latenight': False, 'lunch': None, 'dinner': True, 'brunch': False, 'breakfast': False}"", 'HappyHour': 'True', 'RestaurantsDelivery': 'True'}",Italian
jh40gx3wcYX0NL_i2Dip-A,Sal's Pizza,Santa Barbara,CA,93103,34.4302529,-119.6903156,3.5,80,0,1,"{'Alcohol': ""'beer_and_wine'"", 'GoodForKids': 'True', 'RestaurantsAttire': ""'casual'"", 'OutdoorSeating': 'True', 'WiFi': ""'no'"", 'RestaurantsGoodForGroups': 'True', 'BusinessParking': ""{'garage': False, 'street': True, 'validated': False, 'lot': False, 'valet': False}"", 'RestaurantsDelivery': 'True', 'RestaurantsReservations': 'False', 'NoiseLevel': ""u'average'"", 'RestaurantsTakeOut': 'True', 'BikeParking': 'True', 'RestaurantsPriceRange2': '2', 'Ambience': ""{'touristy': False, 'hipster': False, 'romantic': False, 'divey': False, 'intimate': False, 'trendy': False, 'upscale': False, 'classy': False, 'casual': True}"", 'BusinessAcceptsCreditCards': 'True', 'Caters': 'True', 'HasTV': 'True', 'GoodForMeal': ""{'dessert': False, 'latenight': False, 'lunch': True, 'dinner': True, 'brunch': False, 'breakfast': False}""}",Italian
Ji3XN5gL1aBlbhtFEGpMFA,Mollie's,Santa Barbara,CA,93101,34.42390028,-119.7049458,3.5,135,0,1,"{'ByAppointmentOnly': 'False', 'WiFi': ""u'no'"", 'Alcohol': ""u'beer_and_wine'"", 'BusinessAcceptsCreditCards': 'True', 'RestaurantsPriceRange2': '2', 'HasTV': 'False', 'BusinessAcceptsBitcoin': 'False', 'BikeParking': 'True', 'BusinessParking': ""{'garage': True, 'street': False, 'validated': False, 'lot': False, 'valet': True}"", 'DogsAllowed': 'False', 'RestaurantsReservations': 'True', 'WheelchairAccessible': 'True', 'OutdoorSeating': 'None', 'GoodForMeal': ""{'dessert': None, 'latenight': None, 'lunch': None, 'dinner': True, 'brunch': None, 'breakfast': None}"", 'Caters': 'True', 'RestaurantsGoodForGroups': 'True', 'RestaurantsTableService': 'True', 'NoiseLevel': ""u'quiet'"", 'RestaurantsAttire': ""u'casual'"", 'Ambience': ""{'touristy': False, 'hipster': False, 'romantic': False, 'divey': False, 'intimate': False, 'trendy': False, 'upscale': False, 'classy': True, 'casual': False}"", 'RestaurantsDelivery': 'True', 'RestaurantsTakeOut': 'True', 'GoodForKids': 'True'}",Italian
i5C6RVgr03HSrgCl8oa1Fg,Patxi's Pizza,Santa Barbara,CA,93101,34.417115,-119.696243,4,730,1,0,"{'RestaurantsDelivery': 'True', 'RestaurantsTableService': 'True', 'RestaurantsGoodForGroups': 'True', 'GoodForKids': 'True', 'BusinessAcceptsCreditCards': 'True', 'Alcohol': ""u'beer_and_wine'"", 'BusinessParking': ""{'garage': False, 'street': True, 'validated': False, 'lot': False, 'valet': False}"", 'BusinessAcceptsBitcoin': 'False', 'RestaurantsPriceRange2': '2', 'RestaurantsTakeOut': 'True', 'Caters': 'True', 'RestaurantsAttire': ""'casual'"", 'RestaurantsReservations': 'False', 'WiFi': ""u'free'"", 'OutdoorSeating': 'True', 'WheelchairAccessible': 'True', 'BikeParking': 'True', 'HasTV': 'True', 'NoiseLevel': ""'average'"", 'HappyHour': 'True', 'GoodForMeal': ""{'dessert': False, 'latenight': None, 'lunch': True, 'dinner': True, 'brunch': False, 'breakfast': False}"", 'Ambience': ""{'touristy': None, 'hipster': None, 'romantic': False, 'divey': False, 'intimate': False, 'trendy': True, 'upscale': False, 'classy': None, 'casual': True}"", 'DogsAllowed': 'False'}",Italian
9Vrm13HIdHS41uzroVMQ2Q,Piatti Ristorante & Bar,Montecito,CA,93108,34.437422,-119.631508,3.5,27,0,1,"{'GoodForKids': 'True', 'Alcohol': ""u'full_bar'"", 'RestaurantsGoodForGroups': 'True', 'RestaurantsAttire': ""u'casual'"", 'RestaurantsTakeOut': 'True', 'BusinessAcceptsCreditCards': 'True', 'BusinessParking': ""{'garage': False, 'street': False, 'validated': False, 'lot': False, 'valet': False}"", 'NoiseLevel': ""u'quiet'"", 'RestaurantsPriceRange2': '2', 'Ambience': ""{'romantic': False, 'intimate': False, 'touristy': False, 'hipster': False, 'divey': False, 'classy': False, 'trendy': False, 'upscale': False, 'casual': False}"", 'WiFi': ""u'no'""}",Italian
lNkxXDcNoHBpWDNPoZesYw,Caruso's,Montecito,CA,93108,34.4205315,-119.6281158,4,88,1,0,"{'Alcohol': ""u'full_bar'"", 'BusinessParking': ""{'garage': False, 'street': False, 'validated': False, 'lot': False, 'valet': True}"", 'Caters': 'False', 'HasTV': 'False', 'RestaurantsTableService': 'True', 'RestaurantsDelivery': 'False', 'BikeParking': 'True', 'RestaurantsTakeOut': 'True', 'DogsAllowed': 'True', 'WiFi': ""u'free'"", 'Corkage': 'True', 'BYOB': 'True', 'GoodForMeal': ""{'dessert': False, 'latenight': False, 'lunch': False, 'dinner': False, 'brunch': False, 'breakfast': False}"", 'Ambience': ""{u'divey': False, u'hipster': False, u'casual': False, u'touristy': None, u'trendy': None, u'intimate': None, u'romantic': True, u'classy': True, u'upscale': None}"", 'RestaurantsReservations': 'True', 'HappyHour': 'False', 'RestaurantsPriceRange2': '4', 'OutdoorSeating': 'True', 'BusinessAcceptsCreditCards': 'True', 'WheelchairAccessible': 'True'}",Italian
4D7QDfPOsSPfKxBi3gs_qQ,Olio Pizzeria,Santa Barbara,CA,93101,34.4238136,-119.7060451,4,622,1,0,"{'RestaurantsReservations': 'True', 'RestaurantsTakeOut': 'True', 'RestaurantsPriceRange2': '2', 'RestaurantsAttire': ""u'casual'"", 'GoodForKids': 'True', 'NoiseLevel': ""u'average'"", 'RestaurantsGoodForGroups': 'True', 'BikeParking': 'True', 'Caters': 'False', 'HasTV': 'True', 'Alcohol': ""u'full_bar'"", 'WiFi': ""u'free'"", 'HappyHour': 'False', 'Music': ""{'dj': False, 'background_music': False, 'no_music': False, 'jukebox': False, 'live': False, 'video': False, 'karaoke': None}"", 'BusinessAcceptsCreditCards': 'True', 'CoatCheck': 'False', 'GoodForMeal': ""{'dessert': None, 'latenight': False, 'lunch': None, 'dinner': True, 'brunch': False, 'breakfast': False}"", 'OutdoorSeating': 'True', 'BestNights': ""{'monday': False, 'tuesday': False, 'friday': False, 'wednesday': False, 'thursday': False, 'sunday': False, 'saturday': False}"", 'WheelchairAccessible': 'True', 'GoodForDancing': 'False', 'DogsAllowed': 'True', 'Ambience': ""{'touristy': False, 'hipster': False, 'romantic': None, 'divey': False, 'intimate': None, 'trendy': None, 'upscale': False, 'classy': True, 'casual': None}"", 'RestaurantsTableService': 'True', 'BusinessAcceptsBitcoin': 'False', 'RestaurantsDelivery': 'None', 'BusinessParking': ""{'garage': False, 'street': True, 'validated': False, 'lot': True, 'valet': False}"", 'Smoking': ""u'no'""}",Italian
TYVln68leW7BYuVksFyB5A,Sevilla,Santa Barbara,CA,93101,34.4155929,-119.696034,4,12,0,1,"{'BusinessAcceptsCreditCards': 'True', 'RestaurantsReservations': 'True', 'RestaurantsAttire': ""'dressy'"", 'BusinessParking': ""{'garage': False, 'street': True, 'validated': False, 'lot': False, 'valet': False}"", 'RestaurantsGoodForGroups': 'True', 'Alcohol': ""u'full_bar'"", 'RestaurantsPriceRange2': '3', 'RestaurantsDelivery': 'False', 'GoodForKids': 'False', 'RestaurantsTakeOut': 'False'}",Italian
54oLdsGU9B8HxFTqCCqV-A,Via Maestra 42,Santa Barbara,CA,93105,34.44007621,-119.7363232,4.5,589,1,0,"{'BusinessParking': ""{'garage': False, 'street': False, 'validated': False, 'lot': True, 'valet': False}"", 'BYOBCorkage': ""'yes_corkage'"", 'WiFi': ""u'no'"", 'BikeParking': 'True', 'Corkage': 'True', 'RestaurantsReservations': 'True', 'BusinessAcceptsCreditCards': 'True', 'RestaurantsTakeOut': 'True', 'HasTV': 'False', 'RestaurantsGoodForGroups': 'False', 'RestaurantsAttire': ""'casual'"", 'GoodForKids': 'True', 'Alcohol': ""u'beer_and_wine'"", 'RestaurantsPriceRange2': '2', 'Caters': 'True', 'NoiseLevel': ""u'average'"", 'Ambience': ""{'romantic': False, 'intimate': False, 'touristy': False, 'hipster': False, 'divey': False, 'classy': False, 'trendy': False, 'upscale': False, 'casual': True}"", 'ByAppointmentOnly': 'False', 'RestaurantsDelivery': 'True', 'GoodForMeal': ""{'dessert': False, 'latenight': False, 'lunch': True, 'dinner': True, 'brunch': False, 'breakfast': False}"", 'OutdoorSeating': 'True', 'DogsAllowed': 'True'}",Italian
PgtqA056auCp5EbcZMbXPQ,Trattoria Mollie,Santa Barbara,CA,93108,34.4213978,-119.6423909,3.5,204,0,1,"{'RestaurantsTakeOut': 'True', 'RestaurantsPriceRange2': '3', 'RestaurantsReservations': 'True', 'Caters': 'True', 'BusinessParking': ""{'garage': False, 'street': True, 'validated': False, 'lot': False, 'valet': False}"", 'RestaurantsGoodForGroups': 'True', 'NoiseLevel': ""u'average'"", 'Alcohol': ""u'beer_and_wine'"", 'BikeParking': 'True', 'RestaurantsAttire': ""u'casual'"", 'WiFi': ""u'free'"", 'GoodForKids': 'False', 'Ambience': ""{'touristy': False, 'hipster': False, 'romantic': True, 'divey': False, 'intimate': False, 'trendy': False, 'upscale': False, 'classy': True, 'casual': False}"", 'OutdoorSeating': 'True', 'BusinessAcceptsCreditCards': 'True', 'HasTV': 'False', 'RestaurantsDelivery': 'True', 'Music': ""{'dj': False, 'background_music': False, 'no_music': False, 'jukebox': False, 'live': False, 'video': False, 'karaoke': False}"", 'GoodForMeal': ""{'dessert': False, 'latenight': False, 'lunch': False, 'dinner': True, 'brunch': False, 'breakfast': False}"", 'BestNights': ""{'monday': False, 'tuesday': False, 'friday': False, 'wednesday': False, 'thursday': False, 'sunday': True, 'saturday': False}""}",Italian
Qkg16mN-8QR66gjzg6gMyw,Convivo Restaurant and Bar,Santa Barbara,CA,93103,34.417321,-119.672226,4,445,1,0,"{'BusinessAcceptsBitcoin': 'False', 'DogsAllowed': 'True', 'RestaurantsTableService': 'True', 'NoiseLevel': ""u'average'"", 'WheelchairAccessible': 'True', 'WiFi': ""u'free'"", 'BestNights': ""{'monday': False, 'tuesday': True, 'friday': False, 'wednesday': True, 'thursday': True, 'sunday': False, 'saturday': False}"", 'RestaurantsPriceRange2': '2', 'BusinessAcceptsCreditCards': 'True', 'RestaurantsGoodForGroups': 'True', 'HappyHour': 'True', 'Music': ""{'dj': False}"", 'RestaurantsTakeOut': 'True', 'Alcohol': ""u'full_bar'"", 'BusinessParking': ""{'garage': False, 'street': True, 'validated': True, 'lot': False, 'valet': True}"", 'BikeParking': 'True', 'Caters': 'True', 'Smoking': ""u'no'"", 'CoatCheck': 'False', 'GoodForMeal': ""{'dessert': True, 'latenight': False, 'lunch': True, 'dinner': True, 'brunch': False, 'breakfast': False}"", 'OutdoorSeating': 'True', 'RestaurantsAttire': ""u'casual'"", 'RestaurantsDelivery': 'True', 'Ambience': ""{'touristy': False, 'hipster': False, 'romantic': False, 'divey': False, 'intimate': False, 'trendy': False, 'upscale': False, 'classy': True, 'casual': False}"", 'GoodForDancing': 'False', 'GoodForKids': 'True', 'HasTV': 'True', 'RestaurantsReservations': 'True', 'BYOB': 'True', 'Corkage': 'True'}",Italian
HrnSaz2f1WUEoAQQ6iD6gw,Lemon Tree Inn,Santa Barbara,CA,93105,34.43822593,-119.7250354,2.5,270,1,0,"{'RestaurantsTakeOut': 'True', 'BusinessParking': ""{'garage': False, 'street': False, 'validated': False, 'lot': True, 'valet': False}"", 'Alcohol': ""u'full_bar'"", 'RestaurantsReservations': 'True', 'OutdoorSeating': 'True', 'BusinessAcceptsCreditCards': 'True', 'RestaurantsPriceRange2': '2', 'RestaurantsDelivery': 'False', 'WiFi': ""u'free'"", 'Ambience': ""{'romantic': False, 'intimate': False, 'classy': False, 'hipster': True, 'divey': False, 'touristy': False, 'trendy': False, 'upscale': False, 'casual': True}"", 'RestaurantsGoodForGroups': 'True', 'RestaurantsAttire': ""u'casual'"", 'HasTV': 'True', 'NoiseLevel': ""u'quiet'"", 'GoodForKids': 'True'}",Italian
